{
  "epsilon": 0.13021882998700798,
  "arms": {
    "section": {
      "pulls": 78,
      "value": -2942.8014637826586
    },
    "mask_guided": {
      "pulls": 590,
      "value": -1993.0500508253624
    },
    "compact": {
      "pulls": 82,
      "value": -2023.2696336987174
    },
    "section_tight_mask": {
      "pulls": 160,
      "value": -1943.399987988963
    },
    "mask_sparse": {
      "pulls": 90,
      "value": -2026.0512232031595
    }
  }
}