{
  "epsilon": 0.138355224,
  "arms": {
    "section": {
      "pulls": 56,
      "value": -2926.611873978524
    },
    "mask_guided": {
      "pulls": 4,
      "value": -6210.523340447324
    },
    "compact": {
      "pulls": 4,
      "value": -5851.68601173663
    },
    "section_tight_mask": {
      "pulls": 4,
      "value": -5670.5316328885
    },
    "mask_sparse": {
      "pulls": 2,
      "value": -7025.671049457984
    }
  }
}