{
  "epsilon": 0.13558811952,
  "arms": {
    "section": {
      "pulls": 159,
      "value": -2938.1662037169763
    },
    "mask_guided": {
      "pulls": 6,
      "value": -6117.869104587044
    },
    "compact": {
      "pulls": 6,
      "value": -5830.818290295222
    },
    "section_tight_mask": {
      "pulls": 10,
      "value": -5838.2316489337645
    },
    "mask_sparse": {
      "pulls": 9,
      "value": -6287.188369751358
    }
  }
}