{
  "epsilon": 0.12506216431952247,
  "arms": {
    "section": {
      "pulls": 507,
      "value": -2919.2270577153845
    },
    "mask_guided": {
      "pulls": 18,
      "value": -5873.313627273472
    },
    "compact": {
      "pulls": 14,
      "value": -5851.185045380057
    },
    "section_tight_mask": {
      "pulls": 23,
      "value": -5725.706172709864
    },
    "mask_sparse": {
      "pulls": 25,
      "value": -6001.093967915245
    }
  }
}