{
  "epsilon": 0.12256092103313201,
  "arms": {
    "section": {
      "pulls": 7,
      "value": -2359.6964772312595
    },
    "mask_guided": {
      "pulls": 12,
      "value": -1741.399801476216
    },
    "compact": {
      "pulls": 54,
      "value": -1811.3849684815839
    },
    "section_tight_mask": {
      "pulls": 16,
      "value": -1865.7274505145083
    },
    "mask_sparse": {
      "pulls": 55,
      "value": -1704.8025669147025
    }
  }
}