{
  "epsilon": 0.1328763571296,
  "arms": {
    "section": {
      "pulls": 259,
      "value": -2945.5653688090733
    },
    "mask_guided": {
      "pulls": 11,
      "value": -5817.229271524407
    },
    "compact": {
      "pulls": 10,
      "value": -5918.208765100906
    },
    "section_tight_mask": {
      "pulls": 16,
      "value": -5913.853724100668
    },
    "mask_sparse": {
      "pulls": 14,
      "value": -6083.728807842697
    }
  }
}