{
  "epsilon": 0.1411788,
  "arms": {
    "section": {
      "pulls": 65,
      "value": -2992.5870054402744
    },
    "mask_guided": {
      "pulls": 7,
      "value": -5515.10379981615
    },
    "compact": {
      "pulls": 7,
      "value": -6487.660997531795
    },
    "section_tight_mask": {
      "pulls": 5,
      "value": -6936.499173617941
    },
    "mask_sparse": {
      "pulls": 6,
      "value": -6507.870106647669
    }
  }
}