{
  "epsilon": 0.13021882998700798,
  "arms": {
    "section": {
      "pulls": 5,
      "value": -2626.6976168924775
    },
    "mask_guided": {
      "pulls": 9,
      "value": -1646.1559455366676
    },
    "compact": {
      "pulls": 2,
      "value": -1369.4583119438607
    },
    "section_tight_mask": {
      "pulls": 3,
      "value": -1853.0857143553346
    },
    "mask_sparse": {
      "pulls": 53,
      "value": -1667.3576683108604
    }
  }
}