{
  "epsilon": 0.12761445338726782,
  "arms": {
    "section": {
      "pulls": 79,
      "value": -2940.8809151313894
    },
    "mask_guided": {
      "pulls": 590,
      "value": -1993.0500508253624
    },
    "compact": {
      "pulls": 82,
      "value": -2023.2696336987174
    },
    "section_tight_mask": {
      "pulls": 168,
      "value": -1960.3548439279373
    },
    "mask_sparse": {
      "pulls": 91,
      "value": -2022.443551166146
    }
  }
}